item,value,notes
rate_usd_eur,0.92,Exchange rate (2026-10-09 estimate); LCSC prices in docs/lcsc-check.csv are USD
rate_gbp_eur,1.17,Exchange rate (2026-10-09 estimate); Thonk prices are GBP
rate_sek_eur,0.087,Exchange rate (2026-10-09 estimate); Electrokit prices are SEK
jlc_extended_fee_usd,3.07,"JLCPCB Economic PCBA feeder loading fee per extended part type (JLCPCB help, PCB assembly price, 2026-10-10); basic and preferred extended parts are exempt in Economic PCBA only: Standard PCBA charges 1.53 USD for every basic and extended type"
jlc_fee_per_design,1,"1: an extended type is billed again on each design that uses it, since JLCPCB quotes each assembled design separately (assumed 2026-10-10; confirm on the first real quote; 0 bills it once per order)"
jlc_setup_eur_per_design,8.93,"JLCPCB Economic PCBA set-up 8.18 + stencil 1.53 USD per assembled design (JLCPCB help, PCB assembly price, 2026-10-10); Economic needs every SMD part on one side (Standard: 25.56 + 8.21 USD single-sided)"
jlc_economic_max_boards,30,"Economic PCBA assembles at most 30 boards of a design unpanelled, and its panels are at most 250 x 250 mm (JLCPCB PCBA FAQ, 2026-10-10): the 318 mm channel card cannot be panelled, so above 30 cards it needs Standard PCBA (costs.py prices that design as Standard; panelling the 33 mm card for Standard, whose single-board minimum is 70 x 70 mm, is not priced)"
jlc_std_setup_usd,25.56,"JLCPCB Standard PCBA set-up per design, single-sided (JLCPCB help, PCB assembly price, 2026-10-10); used for a design above jlc_economic_max_boards"
jlc_std_stencil_usd,8.21,"JLCPCB Standard PCBA stencil per design, single-sided (same page)"
jlc_std_loading_usd,1.53,"JLCPCB Standard PCBA feeder loading per basic or extended part type, replacing the extended fee (same page)"
jlc_per_smd_part_usd,0.005,"JLCPCB placement per SMD part (about 3 joints at 0.0016 USD per joint, JLCPCB help 2026-10-10); the price page also lists pre-reflow soldering at 0.016 USD per joint, not modelled: check on the first quote"
jlc_min_assembled,2,JLCPCB assembles at least this many boards of a design (to check when ordering)
pcb_min_eur_per_design,15,Smallest PCB order per design (5 pieces; estimate)
pcb_channel_eur,3.5,Channel card PCB 33 x 318 mm 2-layer lead-free per board (estimate)
pcb_input_eur,0.8,Input module PCB per board (estimate)
pcb_master_eur,15,Master PCB per board (estimate; size set at layout)
pcb_power_eur,4,Power PCB per board (estimate)
panel_strip_eur,3,FR4 top panel strip 34.8 x 360 mm per channel (estimate)
panel_master_rear_eur,40,Master top panel and rear panel (estimate)
frame_fixed_eur,40,"Rails for the master section, side cheeks, bottom cover, screws (estimate)"
frame_eur_per_channel,5,"Rail length, T-nuts, screws, printed parts and ribbons per channel strip (estimate)"
brick_proto_max_channels,8,"Costing assumption, not a checked capacity (whether one power board carries 8 cards plus the master is power lever 1's open check): up to this many channels the estimate takes the prototype brick SX-MECH-003 (GSM120B24-R7B, one power board, chain 1); above it the full-size brick SX-MECH-005 (GSM220B24-R7B, decision 145); prices in prices.csv"
knobs_eur_per_channel,3.5,Five knobs and a fader cap per channel strip (no schematic symbols; estimate)
knobs_master_eur,8,Thirteen knobs on the master (estimate)
consign_eur_per_order,30,"Handling and shipping of consigned parts LCSC does not stock (since decisions 150 and 155 only the 10 µF bipolar SX-C-023; the SSI2144, SSI2162 and AS3046D are hand-soldered on the prototype; estimate)"
