ProjectPN,unit_price,currency,source,date,jlc,notes
SX-IC-001,3.75,GBP,Thonk (decisions process.md availability notes),2026-10-03,consign,SSI2144; not at LCSC
SX-IC-002,3.50,GBP,estimate (Thonk),2026-10-09,consign,SSI2162; not at LCSC
SX-IC-003,4.11,USD,Mouser (availability notes),2026-10-03,consign,AD8273ARZ; not at LCSC
SX-IC-005,1.92,USD,LCSC C141600,2026-10-09,extended,DG413DY-T1-E3
SX-IC-011,0.60,USD,estimate,2026-10-09,hand,LM337 TO-220 (master)
SX-IC-013,2.50,EUR,estimate (Electric Druid),2026-10-09,consign,AS3046D
SX-IC-015,2.35,USD,LCSC C70439 (10+),2026-10-09,extended,TPA6120A2DWPR
SX-IC-016,0.30,USD,estimate,2026-10-09,hand,L7805CV TO-220 (master)
SX-IC-017,1.90,USD,estimate (as DG413),2026-10-09,extended,DG411DY
SX-IC-018,0.96,USD,LCSC C31966 (10+),2026-10-09,extended,TPS54560DDAR
SX-IC-019,0.08,USD,LCSC C5605 (50+),2026-10-09,basic,74HC14D
SX-IC-020,0.16,USD,LCSC C58069 (50+),2026-10-09,basic,L78M05ABDT-TR
SX-IC-021,0.26,USD,LCSC C40904 (50+),2026-10-09,extended,OPA2171AIDR
SX-IC-022,0.48,USD,LCSC C12848 (10+),2026-10-09,extended,LM317D2TR4G
SX-IC-023,0.42,USD,LCSC C232416 (10+),2026-10-09,extended,LM337D2TR4G
SX-IC-024,0.17,USD,LCSC C67471 (50+),2026-10-09,extended,TL062CDR
SX-IC-025,3.42,USD,LCSC C544663,2026-10-09,extended,DRV135UA/2K5
SX-K-001,0.94,USD,LCSC C397194 (10+),2026-10-09,extended,G6K-2F-Y DC12
SX-Q-002,0.69,USD,LCSC C511548 (10+),2026-10-09,extended,SQJ457EP-T1_GE3
SX-L-001,0.45,USD,LCSC C1329579 (10+),2026-10-09,extended,SRP7028A-2R2M
SX-L-002,0.98,USD,LCSC C189912 (10+),2026-10-09,extended,SRP1265A-150M
SX-L-003,0.97,USD,LCSC C2041465 (10+),2026-10-09,extended,SRP1265A-220M
SX-C-018,0.27,USD,LCSC C385986 (50+),2026-10-09,extended,HMK325C7475KMHPE
SX-C-019,0.64,USD,LCSC C278516 (10+),2026-10-09,extended,EEHZK1V331P; LCSC stock 0 on 2026-10-09
SX-C-020,0.16,USD,LCSC C2982822 (50+),2026-10-09,hand,KNM2100UF35V149EC0055
SX-C-021,0.10,USD,estimate,2026-10-09,extended,100 uF 50 V SMD 8x10
SX-C-023,0.30,USD,estimate (Mouser),2026-10-09,extended,EEE-1VA100NP
SX-C-024,0.02,USD,LCSC C72486 (200+),2026-10-09,extended,RVT1V100M0505
SX-C-025,0.02,USD,LCSC C72522 (200+),2026-10-09,extended,RVT1V470M0605
SX-C-026,0.13,USD,LCSC C21812 (50+),2026-10-09,extended,GRM31M5C1H473JA01L
SX-POT-001,1.92,USD,Mouser (availability notes),2026-10-03,hand,PTA6043-2015DPB103 fader
SX-POT-003,1.30,GBP,estimate (Thonk),2026-10-09,hand,Alpha RD901F single
SX-POT-004,1.00,USD,estimate (Tayda),2026-10-09,hand,Alpha RD901F single
SX-POT-005,1.60,USD,estimate (Tayda),2026-10-09,hand,Alpha RD902F dual
SX-POT-006,1.00,USD,estimate (Tayda),2026-10-09,hand,Alpha RD901F single
SX-POT-007,1.60,USD,estimate (Tayda),2026-10-09,hand,Alpha RD902F dual
SX-POT-008,1.60,USD,estimate (Tayda),2026-10-09,hand,Alpha RD902F dual
SX-POT-009,1.00,USD,estimate (Tayda),2026-10-09,hand,Alpha RD901F single
SX-POT-010,1.00,USD,estimate (Tayda),2026-10-09,hand,Alpha RD901F single
SX-POT-011,1.90,GBP,estimate (Thonk),2026-10-09,hand,Alpha RD902F dual
SX-POT-012,1.00,USD,estimate (Tayda),2026-10-09,hand,Alpha RD901F single
SX-POT-013,1.90,GBP,estimate (Thonk),2026-10-09,hand,Alpha RD902F dual
SX-TRIM-001,1.50,USD,estimate (Mouser),2026-10-09,hand,Bourns 3296W-1-503LF
SX-SW-001,1.00,EUR,estimate (Electrokit),2026-10-09,hand,GPBS850N latching button
SX-SW-002,2.00,EUR,estimate,2026-10-09,hand,ground lift switch (not chosen)
SX-SW-003,2.00,EUR,estimate,2026-10-09,hand,power switch (not chosen)
SX-CONN-002,0.40,EUR,estimate (Mouser),2026-10-09,hand,KK 254 1x10 header
SX-CONN-004,0.10,EUR,estimate,2026-10-09,hand,pin header 2x2
SX-CONN-005,0.10,EUR,estimate,2026-10-09,hand,pin header 1x3
SX-CONN-006,0.15,EUR,estimate,2026-10-09,hand,pin header 2x3
SX-CONN-007,0.90,EUR,estimate (Mouser),2026-10-09,hand,Wurth 61203421621 2x17
SX-CONN-008,0.40,EUR,estimate (Mouser),2026-10-09,hand,Wurth 61200821621 2x4
SX-CONN-011,4.00,USD,estimate (DigiKey),2026-10-09,hand,Kycon KPJX-4S
SX-CONN-014,0.35,GBP,estimate (Thonk),2026-10-09,hand,PJ398SM
SX-CONN-015,0.68,USD,Mouser 568-NYS216 (50+),2026-10-09,hand,Rean NYS216 (decision 132)
SX-MECH-002,1.50,EUR,estimate,2026-10-09,hand,TO-220 heatsink
SX-D-004,0.15,USD,estimate (Mouser),2026-10-09,hand,Kingbright 3 mm green
SX-D-005,0.15,USD,estimate (Mouser),2026-10-09,hand,Kingbright 3 mm yellow
SX-D-006,0.15,USD,estimate (Mouser),2026-10-09,hand,Kingbright 3 mm red
SX-R-089,1.06,USD,Mouser 71-TFPT0603L8200FV (10+),2026-10-09,consign,TFPT0603L8200FV tempco (decision 130); RoHS compliant by exemption (Mouser)
SX-POT-014,1.00,USD,estimate (Tayda A-5370),2026-10-09,hand,Alpha RD901F-40-15K-C100K (decision 131)
SX-D-001,0.018,USD,LCSC C19077403,2026-10-10,preferred,"Candidate BZT52C6V2 (hongjiacheng), JLCPCB preferred: no fee; part not chosen yet (decision 137)"
SX-D-010,0.017,USD,LCSC C19077410,2026-10-10,preferred,BZT52C12 (the chosen code) is JLCPCB preferred: no fee
SX-R-011,0.008,USD,LCSC C17455,2026-10-10,preferred,13k 1% 0805 UNI-ROYAL 0805W8F1302T5E: JLCPCB preferred
SX-R-036,0.004,USD,LCSC C17797,2026-10-10,preferred,680k 1% 0805 UNI-ROYAL 0805W8F6803T5E: JLCPCB preferred
SX-R-042,0.003,USD,LCSC C17818,2026-10-10,preferred,750R 1% 0805 UNI-ROYAL 0805W8F7500T5E: JLCPCB preferred
